groupId,id,createTs
0c466276-ba95-4c20-9bc5-c24489990910,a3336aa8-caef-423f-b262-237994891308,2017-05-28T04:54:45.428Z
e7965d1a-6c6f-4b5a-8efd-362ac1c9b659,8a529653-9353-4586-bb9b-d1ac7c5c783a,2017-05-28T04:54:45.428Z
cd055d74-a7ac-44d8-8c20-bf42cf2ff519,d304ae80-42dd-4837-aed9-14b0d1207aea,2017-05-28T04:54:45.428Z
47117db9-4028-4ff1-9393-3c435c3442ed,afa222f6-21be-480d-8ecf-d07b6d31f9b1,2017-05-28T04:54:45.428Z
61cad437-03e2-4390-a3d1-e4be392b9576,aba982d0-1885-4f12-b269-89ce6c09009d,2017-05-28T04:54:45.428Z
3e4eb4f9-d74b-41e9-9233-c730094ddbfc,bb120eb6-f482-45b5-a7ae-633d8baa97e6,2017-05-28T04:54:45.428Z
f25f7638-1f9e-4138-9e98-ac81c27da990,c5610e8a-5f3a-4e42-92c6-074c2143ff1a,2017-05-28T04:54:45.428Z
4b5b2dc4-cb35-43ff-ae73-6c4b1da5c74a,82307d8a-6746-4920-bed8-19ee1b07071d,2017-05-28T04:54:45.428Z
47fc6056-c194-4688-8969-882282bab30d,8e228d4a-05cf-4482-896f-06e947c83783,2017-05-28T04:54:45.428Z
856eea37-ad2e-40f5-8c3d-bd2d3eda7d8f,31e3f3b2-5c90-42f9-b355-1be9ee2aa88c,2017-05-28T04:54:45.428Z
d6d681cf-53aa-4be5-88f3-139d234ec75f,2764e674-651a-421d-91a9-5712673a589f,2017-05-28T04:54:45.428Z
2e1c81f5-6487-4720-8882-b31ffca0b106,295893f0-aa1a-4ddb-a90d-b5576feaa2bf,2017-05-28T04:54:45.428Z
81dde6ba-37f1-4179-ada8-842609a53392,f26ee2d1-98f8-44b4-9afb-77785e79397b,2017-05-28T04:54:45.428Z
937acf73-b1ed-4d08-b76f-02957239c738,4b37dd88-6120-4f86-b74f-586d9ca5848b,2017-05-28T04:54:45.428Z
a5c79563-5ba5-4c87-bf29-e250659c491a,ec889ff5-dd58-4857-9136-667e4b4eec87,2017-05-28T04:54:45.428Z
b2574563-1d53-4b12-bae8-65e89d291248,edb78bfc-fff4-42bb-84a8-55ec6796e842,2017-05-28T04:54:45.428Z
195af917-d6ff-4a66-b643-2b2de26dd145,6fe308e5-b780-4399-9ee5-69c43d8ac2ae,2017-05-28T04:54:45.428Z
ddeade8d-2e7f-45a6-8141-f356f4eeb145,29c32003-fbab-4d83-a679-b624503bd2fe,2017-05-28T04:54:45.428Z
202be101-a96f-4c7b-9ac9-4c41e12aaf1c,b3d0a5e2-6e1b-4f0d-8dce-fbc9b1a1a880,2017-05-28T04:54:45.428Z
b1db7b70-d3b5-4f24-953d-c256246ab1a3,4c2394c4-5c6b-4c83-8954-ab2f3e8984d3,2017-05-28T04:54:45.428Z
d55088aa-edb7-4498-a881-748a9b54f4f1,7f090476-72ee-491f-a7b9-1ac66b2c5c58,2017-05-28T04:54:45.428Z
72b40c66-c44b-4087-8136-a81f6baee33e,8d655dfd-19ab-403b-b2f9-77032c5229bc,2017-05-28T04:54:45.428Z
0019fda8-2189-4eaf-94b9-3abb74e441fd,b25494dd-b6c1-4992-9b68-af3fe17bd83e,2017-05-28T04:54:45.428Z
23b6ad40-e2da-442b-acdd-53389d23d4f5,1ec795c4-e2cf-43ce-8eca-fb98039f4042,2017-05-28T04:54:45.428Z
a719c59b-108e-4120-b800-5714aa596280,8380b3b0-01bd-4ed9-9fb8-8284cd98ca51,2017-05-28T04:54:45.428Z
366a8913-a013-45da-b49a-efb56f9ad799,613b65d3-ae8d-43a1-9229-5e54daabca38,2017-05-28T04:54:45.428Z
3e8e3d1e-98e9-4538-a4a0-fc4b84745c61,6066cca2-135e-4f5e-af1c-afd2020f397b,2017-05-28T04:54:45.428Z
96659705-fa68-4444-b725-9d8eb4556ab2,d2ab98ed-5f57-4ad7-aa7a-4df98db528b9,2017-05-28T04:54:45.428Z
cba28903-72d3-4669-8ef4-bfa900ef1ec9,042c1502-476b-4542-bcd6-1432000af7bf,2017-05-28T04:54:45.428Z
98f2ae72-6b0a-4b20-bd9a-b1819ac58dbf,35865996-06fa-43bb-8184-6e0f74c5b507,2017-05-28T04:54:45.428Z
48185fc3-cfae-4e83-b86c-c3feba75224d,d8bafe5e-91cc-4946-ad53-d74eb11579bc,2017-05-28T04:54:45.428Z
69111710-3aeb-4f60-9d0d-e19e6d3da9ad,51a303c0-144d-4243-bd06-a66bcecefa25,2017-05-28T04:54:45.428Z
7ccfa710-b03a-4e8c-a50f-1f422303a4f4,d4557562-af63-4703-9368-79a2a5952045,2017-05-28T04:54:45.428Z
58feec14-6a89-4178-9523-548cfaae64e1,13ec96cb-16d1-4d1c-b6a9-0f79095f1911,2017-05-28T04:54:45.428Z
342734d5-cefc-4777-a6e8-e338c911da70,bc358b93-f131-45d5-98eb-bffff29dd189,2017-05-28T04:54:45.428Z
4e2d3e56-c928-4b94-b800-9c7519eb1dc3,ed38aad5-b7d1-4428-b930-3f23a45b0759,2017-05-28T04:54:45.428Z
8e45686f-cd7e-432b-aaca-163b8fbadf8c,126e50b2-c167-4904-a590-342bd209a1b7,2017-05-28T04:54:45.428Z
4cf857ca-f3ad-4ba6-a3aa-e518b1e9f51b,c6aa2997-d4dc-4176-b5c3-393481f93ede,2017-05-28T04:54:45.428Z
5e8b9bfd-c2d5-4743-a014-84b2a5d5686e,19498b89-a1cb-4173-9144-a6545b1bd7d6,2017-05-28T04:54:45.428Z
99d72a62-eb88-4758-9906-572f68603bbb,cf2235d8-b237-4c01-86c0-5ecfe550a257,2017-05-28T04:54:45.428Z
e1c3e7b9-c933-4b3a-a870-1d380379ff5e,ad87268d-b9e8-493e-a288-198c94a51418,2017-05-28T04:54:45.428Z
dad0f9ca-5f9d-490f-a035-0deb66caa971,4cd41cb8-98c2-41c7-9a03-75157a5bc698,2017-05-28T04:54:45.428Z
fee2e72f-70e6-4061-a4b3-974e92a06f20,b08008d8-f9ba-4667-9125-39269a0f692d,2017-05-28T04:54:45.428Z
e5c72592-e270-4dcb-9f18-769bb5999980,a133cb4d-6a52-43a4-b4b5-7eee4a5cef4a,2017-05-28T04:54:45.428Z
39a28856-1a2d-4f50-9a6a-83746bfcba6c,c8c76540-e146-47c4-bc35-8fedff149e59,2017-05-28T04:54:45.428Z
d102cf2f-a73d-4d6e-9065-eca9ed5e6c63,41a4d93d-31a4-43c5-ac7f-5e09728eb91a,2017-05-28T04:54:45.428Z
a859df99-e204-4785-9273-91f946c50413,4428b201-ce03-4c2c-aef3-e97bbe9d6e2c,2017-05-28T04:54:45.428Z
32a30f9b-2873-41a4-bc00-c91c5df9ed7f,2079c36d-e6a3-4791-a41d-d51d15ae2134,2017-05-28T04:54:45.428Z
8aa85b90-c3a7-42eb-ae0b-8ef7be64397c,16b96db7-6295-45b8-a7db-4ddbe23cce54,2017-05-28T04:54:45.428Z
08551560-d9f0-4977-817c-14be77c82072,130b7ec8-267a-4c94-a1fd-c83a50da4bef,2017-05-28T04:54:45.428Z
96e05588-f685-4537-b6db-c7732fba8609,cfd927a8-50ae-4191-9428-ecc3ec32b1a2,2017-05-28T04:54:45.428Z
26c6f03c-1646-48ac-b288-19148391201e,097b93f1-996c-4a74-b1df-7adecafca1dc,2017-05-28T04:54:45.428Z
f5ed901c-b90d-48d4-9c21-b8401b67d702,9f10fee5-91dd-4df2-bb00-505c78890c7d,2017-05-28T04:54:45.428Z
88d7cc5c-3365-4105-a41b-f84518e482a5,0b4571b6-8bd7-4765-a500-a77ce7e5bb2f,2017-05-28T04:54:45.428Z
037463b0-5225-406e-ae59-9467f3e5e01d,4e5b9425-4ff6-4058-9369-ebcc2eb4c3cf,2017-05-28T04:54:45.428Z
03562cba-a712-437e-9986-4b71f22da9a1,6322ccfd-b95d-408d-8c17-61ecf0bd9f72,2017-05-28T04:54:45.428Z
6b566ee4-1ad7-46d2-99af-a1e9bc89af3d,bc040c30-c3b3-41be-b9e3-8409d1e0f849,2017-05-28T04:54:45.428Z
e377e6f8-087f-4250-a6d0-24ded7cc55f9,2849b626-ae54-455a-a598-2dec660b727a,2017-05-28T04:54:45.428Z
0a6001a2-4ad9-4c27-b533-f3aa49c4145d,484adb6d-81ec-4178-a8b8-8f009a56baac,2017-05-28T04:54:45.428Z
8deec64e-f9d7-4ba2-8b31-a85cbe12b8be,f4e912ed-619c-4547-bd38-b06cedc3ff9c,2017-05-28T04:54:45.428Z
601f3abe-9fd0-4b41-be1e-b90b9d8885d4,617eb6b5-9ce9-4a85-80fd-ab99fe01e7ae,2017-05-28T04:54:45.428Z
c841efd0-a5ad-4b1d-81cf-3f51bdcc3e81,b23d14e2-fa55-4061-bee8-207d902352ce,2017-05-28T04:54:45.428Z
deccf3d5-537c-477e-84ff-3b3b3e80cc57,ae91e2db-e1f0-41e6-95ee-d60b7c784ad6,2017-05-28T04:54:45.428Z
d7d5fd07-e033-4e46-8307-ad94038ed9d5,63bb2115-468d-45f6-ba4d-3e601daf25a8,2017-05-28T04:54:45.428Z
cc0124e8-f339-473d-a7ca-63794ad0f985,f6a56b58-1c1e-4dd7-b9a1-013267454445,2017-05-28T04:54:45.428Z
5250720d-d74c-47dc-bfc2-5019b979b8c1,8ffc7c67-1ff5-4f73-bb94-9576964f947f,2017-05-28T04:54:45.428Z
b986a4fa-a090-48fc-b7d5-2aa936017540,f6050122-ef1a-4f84-966e-e08510551904,2017-05-28T04:54:45.428Z
76a19b2a-12ef-47c3-b4d9-101577bcd75d,4565798d-7ef2-4544-bda4-7c5839960ff7,2017-05-28T04:54:45.428Z
13cf5250-c381-411c-aa83-928a2cd917dd,8ba2219a-b079-4cb0-9d99-f391937d1dd8,2017-05-28T04:54:45.428Z
17b4c5aa-aa31-4415-adc3-2b0f9443b2e3,c615d12d-9063-42d8-91e4-6c0e1069d0af,2017-05-28T04:54:45.428Z
b71cd7ef-abab-4060-8d2b-11dbf91da00c,2d4716e1-d889-40b6-ab44-e79894353cb8,2017-05-28T04:54:45.428Z
73f4529f-57c8-40a1-a1b8-eae22d79a1a4,550715f3-bbea-469b-9875-1bf088969742,2017-05-28T04:54:45.428Z
934fc3a7-6370-4bc3-8e04-6c6bacba6bb1,dbc6c978-1f9c-433e-9425-26d7de3fe866,2017-05-28T04:54:45.428Z
a510826d-5dfc-4892-aea0-637a7c5532ec,7023cbb1-6342-4d16-b2b2-76e430f3485f,2017-05-28T04:54:45.428Z
d04d24bb-5c5d-41ef-b7bf-1b69f670eaec,f68beba2-02da-471b-aa01-5387aa3807bc,2017-05-28T04:54:45.428Z
ef987068-3458-43d9-9a34-a7fba1e37865,82e9cbb2-14cf-4bcb-b89e-49d4dd8528ed,2017-05-28T04:54:45.428Z
6d582f18-4937-47ac-80ac-386f39e3f9fc,c49168ba-047e-46d5-b496-133ae0aa4f15,2017-05-28T04:54:45.428Z
3fc6a2fe-d5e0-4c51-a12e-3a9f6907c2a7,a4ff979f-599b-4a68-ad26-1642c0d55199,2017-05-28T04:54:45.428Z
42d4c865-1d0c-4232-a80a-445edfc5368a,9cf04b0a-c754-450a-ae96-33fe731d74d7,2017-05-28T04:54:45.428Z
8d31e869-4d9f-4737-b89c-1ed7680d9e4e,6901d07a-c277-48d9-901b-e32d1cb82217,2017-05-28T04:54:45.428Z
ad9a402d-d02b-4511-a5a3-f87886aa77a0,6fe8a3aa-fb73-40b2-8588-af499e91d882,2017-05-28T04:54:45.428Z
3868608a-18f7-44e6-b6a9-a65020c97652,32de5140-21a8-47ac-b9bc-7b8df0dd8c51,2017-05-28T04:54:45.428Z
15489ae2-f998-45b7-80fc-9cf26c3545b8,45c61162-de0e-440e-be65-e08155676e0b,2017-05-28T04:54:45.428Z
d28906e4-21cb-48ad-8759-40d8272710ba,1ca0ba59-b008-499d-aa2e-1466be8f678d,2017-05-28T04:54:45.428Z
49cf23c7-4eef-416c-8d65-d619330a08b6,6f05cc13-6fa5-4b17-9dc3-e89309dbd6e9,2017-05-28T04:54:45.428Z
06911ac5-49c7-4bc8-8913-d8425c727940,356d7073-5c37-46d9-aca1-7d834c6aafb4,2017-05-28T04:54:45.428Z
845656e4-ebb8-47b2-bc2e-ee0e920f0162,7d952693-31f3-4991-ab81-be317c21c20b,2017-05-28T04:54:45.428Z
b9accced-d008-4f17-97fb-bc8c072855eb,10c5cd1c-1b1d-4570-afe3-2627d4e6d19e,2017-05-28T04:54:45.428Z
a0019840-bf9e-47ba-b3eb-f80eff8ef51e,6c455e73-db11-4f93-872f-38440daf22a6,2017-05-28T04:54:45.428Z
ca4c5c3b-3147-48e9-b3fd-9c00a8dab8cd,72f913cb-f56c-464f-8635-2a6390782902,2017-05-28T04:54:45.428Z
c61954e6-e3a1-4ce4-9679-d136bded45dd,034f8859-c06c-4dab-ac2e-89fa1ad7fae9,2017-05-28T04:54:45.428Z
fa7e9d13-742f-4f87-ae3a-7e39b6670741,79412efb-d18a-4d8f-8947-a1ceed3e686d,2017-05-28T04:54:45.428Z
f4a54352-c180-4da3-a691-7d788db281bd,84657e07-aa8e-43a0-8381-ca2f3900f0f3,2017-05-28T04:54:45.428Z
221a0404-4fda-4a7e-8ecf-19b45f073995,9867760f-0053-4601-a358-cd22718c1dd2,2017-05-28T04:54:45.428Z
d8c39af6-e36f-4fbd-8a5f-c7880195105a,5504748f-79a8-459e-86a7-b9b07d22019f,2017-05-28T04:54:45.428Z
51e53eda-665b-4879-8524-78c8397b4cbf,90863a2b-96e3-43c5-ab7b-66bfd1f750e8,2017-05-28T04:54:45.428Z
da5b5c2a-5b14-4d99-a2b3-d357f18b26fe,8fd8451d-ec6d-4792-8504-3e1c4021e014,2017-05-28T04:54:45.428Z
f03ca3d5-2566-4462-bdc3-6044e6e547cc,50c027b3-77fd-42ec-8502-bdbad6b89021,2017-05-28T04:54:45.428Z
59210803-6683-42f5-8f75-cf6735d352b7,62477ddd-1012-4b7e-9c22-42c9199bb551,2017-05-28T04:54:45.428Z
204e1792-7e60-455e-8bc4-908b97bf61d3,3b76e40b-2159-4484-ac95-5317cab90303,2017-05-28T04:54:45.428Z
e1535a11-b3fc-4608-aa63-8d17716157a7,19c6143a-b3e8-4d35-849f-1bc275b08495,2017-05-28T04:54:45.428Z
e1d32ce1-8d40-46f8-849b-39134fdfde24,629c71dd-5e19-4702-8c8a-eee147f3261d,2017-05-28T04:54:45.428Z
1d58cadd-e780-4353-b2d6-1e64213bf511,880adb1b-e1da-4e1b-b464-6f5593b372ad,2017-05-28T04:54:45.428Z
deea48ba-3b86-4146-b902-8eeabcb35860,46cfd3b0-9cd6-4559-b276-d5a36e2656a3,2017-05-28T04:54:45.428Z
ecf27e1f-d21b-4ba3-befa-6b7a993c6a02,955a8bf5-b97d-4dc7-96e0-3f5ebec871d4,2017-05-28T04:54:45.428Z
e46cb868-652e-4e62-9212-14b5ce837afc,908002d3-3aa1-40dd-b2e9-d3471c9765d8,2017-05-28T04:54:45.428Z
d48de9d1-cc91-4da3-9afb-02798259e09e,2e531653-2a4b-49b4-a67d-2836745b4b54,2017-05-28T04:54:45.428Z
3eea7626-74e7-4037-8a94-ec73630387a2,24b988a8-1e28-4b8a-9553-0dfd43a2782e,2017-05-28T04:54:45.428Z
2053775a-be01-41c9-9707-a37c0a91ba32,d900cc89-a224-4645-bdec-2915b3cad27a,2017-05-28T04:54:45.428Z
19628d32-91f9-48c3-afff-bfc1fe5a57ae,619cb241-1d59-48ec-a865-ceb180030007,2017-05-28T04:54:45.428Z
13e034f2-2a49-4ef6-a93b-06a0bac75979,533aaf6b-968c-4810-abf9-9f077c9ae660,2017-05-28T04:54:45.428Z
05020d74-4ba1-403e-81b6-f6c4be116d0d,a270b42c-02c4-4b13-96f5-d74c8ff2ac40,2017-05-28T04:54:45.428Z
13e7268e-b974-428d-a3df-c1d824d5c75c,e9a1b990-2a3a-41ee-98f8-bc2e50adc740,2017-05-28T04:54:45.428Z
02b40a4c-6eee-4670-b95b-66204721d5a0,a99e37b4-b4cc-499d-978d-d7db46e3301d,2017-05-28T04:54:45.428Z
08755435-ec32-46ff-8b4b-e3bcebb242c0,37d4ff4e-1372-4b55-9781-b6fdf84685dd,2017-05-28T04:54:45.428Z
536ee65e-fd1a-413c-a98b-0b75d88eb8ae,a9169a59-9d7d-4574-9184-cf47ac3dd803,2017-05-28T04:54:45.428Z
0ea2d20c-6d03-4b77-8f82-7a108e3fe6d3,ac68b715-6a7f-4318-8260-056deb1f3d5a,2017-05-28T04:54:45.428Z
f0a703b4-9d4a-458f-940b-7bd0dc41b654,2bdf2b9d-207e-4da6-b68a-2fd8eacfc473,2017-05-28T04:54:45.428Z
8aef3277-7c97-41ac-a38f-e7a58f9750aa,f7bb11d2-b340-45d0-840b-c027971a567d,2017-05-28T04:54:45.428Z
a9b10970-2034-4f93-95c9-16b745baeb25,111f17da-b06d-4fe9-847b-c9c7b81c8ece,2017-05-28T04:54:45.428Z
127a5227-c642-4831-a77a-c29e588086c0,459de21a-27fc-4a05-ac20-f14c99f0b24c,2017-05-28T04:54:45.428Z
26b86cc6-3b1f-40ca-8725-50bfc11ee736,76721207-8c54-4a0d-a898-cf39d2a39d60,2017-05-28T04:54:45.428Z
4c49ee77-887f-4ce5-9488-ac86be710e13,4030d733-7390-439f-ba68-5440ab2aa7a1,2017-05-28T04:54:45.428Z
4074af98-6640-468b-b548-e774b963ddb7,ef9aadd9-4b63-45a9-86e4-6dd7902405e9,2017-05-28T04:54:45.428Z
db7cd315-cc6e-4397-bec4-a218f161bbc9,cd1366a4-4ec2-400b-8a7d-0547d2ae2829,2017-05-28T04:54:45.428Z
34367273-62fb-46d0-8e8d-0ff91f05c439,9c014458-aa35-432d-b633-4bfa93a6cbf0,2017-05-28T04:54:45.428Z
f9b7e445-debe-4c89-99f1-77ae9e4204f8,43db4c5c-d8ad-46b3-955f-9692c1cb5a68,2017-05-28T04:54:45.428Z
5d5c97e7-a3b2-43f4-9dfe-fbdf0ad7bd2f,03f53d0a-a322-4b96-be1f-b89093dd7088,2017-05-28T04:54:45.428Z
a002eb1c-d549-44e4-92cb-df581ba1f0a5,9848179d-7b2e-45ca-abcc-5b2bad6a5fc7,2017-05-28T04:54:45.428Z
73f11cee-6a48-438b-a2a8-4336c8b1f944,e7bfb351-d17a-4922-abb5-7e12c32263e1,2017-05-28T04:54:45.428Z
54b52edf-4a0c-4f69-857c-c0a24727e2d6,15bc0c7d-8ccc-4faf-834f-0aa8379c4617,2017-05-28T04:54:45.428Z
2a4cd26a-7bae-498e-87db-00ad91b793a0,28633d0c-b58d-4478-979c-dda29040c3b9,2017-05-28T04:54:45.428Z
4b81a364-5e30-495a-81fd-d22db2cd08d5,c5b25582-77ad-45ef-9596-ebf1165cc6ac,2017-05-28T04:54:45.428Z
d3d6f0b2-2b5a-488e-9c90-7ecc6f68d0f7,bccd7f5b-97ad-4a24-afab-fae44bd3e67c,2017-05-28T04:54:45.428Z
6f4f9fb4-e58c-48de-9e05-0e625f009721,f796ad25-842e-495e-a441-4f7c385021b0,2017-05-28T04:54:45.428Z
26f820b1-b0bc-4c48-a7de-f1d78d84ec76,bd651f7a-52a5-4835-98fb-238c6f915546,2017-05-28T04:54:45.428Z
fc02ba4a-ffe1-496a-a236-c0ac1b92252e,e22d377a-5090-4acc-b722-9fbc765b4079,2017-05-28T04:54:45.428Z
ce68b4db-49a5-4de6-8dba-e404e7d1130f,d630678d-3d4f-4267-93f9-d108731b6d80,2017-05-28T04:54:45.428Z
2ef6dba7-d63d-40bb-9fb3-3f01c6d5126d,74220be4-0cac-47fa-91bc-913b9a3f6d00,2017-05-28T04:54:45.428Z
71f49bdf-10f1-4807-9328-1bb46fe2705e,7587f31e-ac0c-4b63-ba8d-8624d30adec1,2017-05-28T04:54:45.428Z
33b0ff27-248f-4eb7-b0e5-33ceeecc2bba,d0fba6bf-384b-4692-a7ea-6d0ccf00d2f1,2017-05-28T04:54:45.428Z
d76bde67-60fb-4397-9857-a2249fb9ffea,0bcc662d-0502-4d7b-9cae-e16bfdca1598,2017-05-28T04:54:45.428Z
c550aea1-5c78-472f-b691-811b1cf9830a,0d285ee3-f7b1-45dc-be93-9711af1b2756,2017-05-28T04:54:45.428Z
864c26c4-b24c-4ce5-a9c4-bc239dd7ed4e,1b287e1f-82bd-4956-8010-b9ebcfc8a50f,2017-05-28T04:54:45.428Z
73d75dd7-0c8d-406f-8107-33aafc2f59e7,8384cab7-aa05-4a85-96e5-06a2acb6c985,2017-05-28T04:54:45.428Z
8f4c6bdd-3714-4172-a17e-24b69981a5cb,578ebc26-7e75-4c28-8f78-9d80733d70c9,2017-05-28T04:54:45.428Z
9012a22f-76ce-4870-b57d-87f0c6333c20,3419983a-fe76-4ab2-97ec-73421c92e3f9,2017-05-28T04:54:45.428Z
05106a77-efca-493c-bf33-ab0d75d98cd2,e80074f3-8c99-4ab3-a289-bbdb185fcb29,2017-05-28T04:54:45.428Z
e7ab22a5-a1a9-4a79-8c95-d5024589dc84,e2b2d7a8-8a47-4759-8d10-0c3a752590f3,2017-05-28T04:54:45.428Z
167f5fd3-f2fc-4602-8341-f59a3a457012,26e403fb-9e74-4a67-8c88-e1567ff2416d,2017-05-28T04:54:45.428Z
fa3efc84-4920-4f47-a1ac-6da50a7c68b3,25e23cb2-9780-487a-bf36-b295af0c5214,2017-05-28T04:54:45.428Z
0fa74606-e35a-4873-831a-d9c4384f0fac,6768acb4-7cc2-4c9e-b287-1c104e5bd192,2017-05-28T04:54:45.428Z
aa783dbe-3438-441b-a111-75e43e270ae4,1bcead12-1b44-4732-aef4-53a02cfb8010,2017-05-28T04:54:45.428Z
51b946f8-7aea-4ee8-929b-91776aba3a58,0e6598ab-c4e8-4b66-9917-db37085bc6a9,2017-05-28T04:54:45.428Z
6bb2dbcf-bed4-45a7-aef3-9eb7289bba20,d8b6aeb1-c9f3-4200-8101-eff0f48be751,2017-05-28T04:54:45.428Z
2042e8e6-6f96-4b50-a2c6-5e4e82d3aca8,dcfbc0ba-01f9-40d0-a1cc-222c84a18e0e,2017-05-28T04:54:45.428Z
66db64d4-0ffb-446c-a1d0-37c410769c89,475689fd-ba56-4912-a76a-9de234f4c846,2017-05-28T04:54:45.428Z
7e5fa433-84fe-400f-abc4-1a02e14db11f,e006ee3f-1f88-4104-8b32-70e68be14847,2017-05-28T04:54:45.428Z
0d7b89ff-8537-481f-995d-ff58b52b495f,f0a4175d-822c-426e-9206-fcc8815991a4,2017-05-28T04:54:45.428Z
60c49af5-0275-4b10-bb0c-975f62715140,ad55f50c-689b-42d2-b4e3-6df053700a20,2017-05-28T04:54:45.428Z
af1641ed-9253-4050-8294-c3218726b04a,db90d756-2c21-4b23-9741-ab32e3fa88b5,2017-05-28T04:54:45.428Z
584201b3-da63-4c91-84dd-7747f8261cac,9c446a70-59b2-40c0-bd5c-1eef324bbcce,2017-05-28T04:54:45.428Z
ce72d7e5-2adb-4c5e-ae35-4b9b72cbebc3,eeb7cd7e-e842-4161-845b-4af44e15c759,2017-05-28T04:54:45.428Z
b0522e88-d9f3-47ba-b813-78c34c0de1a5,6217554e-65b9-4924-bf91-43b0c2d4c4e4,2017-05-28T04:54:45.428Z
41593fd9-b32a-4369-86e1-93c87a504df9,07b55d83-655b-4539-ad42-8ca12e0eb323,2017-05-28T04:54:45.428Z
3f8cd91d-aae6-4a7d-8994-3f5d60176392,3b1e3fb9-e10d-4167-98ae-435f93c71a8d,2017-05-28T04:54:45.428Z
0581792f-326b-45e9-91c5-cdcbdfa2d5ad,6edf445d-3254-4954-99e6-489674fffbe8,2017-05-28T04:54:45.428Z
04680567-1e87-4a04-9a89-47e6560b4203,be953f5e-efa1-4910-924f-5cf560afcbc0,2017-05-28T04:54:45.428Z
7afb7de9-db28-41c7-90c9-cd5d2c889447,5d213a10-0cb4-4fd2-9214-5f6e9b61844c,2017-05-28T04:54:45.428Z
44e32626-0474-4886-8edc-9b433b82f540,47b9c803-edc7-49cb-9f1f-f544a9e34710,2017-05-28T04:54:45.428Z
637e98c8-d41f-4d5b-bde8-20baefafaaff,22e0bcfa-d566-4581-b887-b5c7ccf17c96,2017-05-28T04:54:45.428Z
bb850199-01ec-4a72-80c4-8c22cc6d3a88,58c88627-a45e-4608-9c6a-eae83824e689,2017-05-28T04:54:45.428Z
53828054-1b16-428f-bb16-c9cb7c89e55c,64269b45-7a5a-4a85-a9d6-178384bbc6fb,2017-05-28T04:54:45.428Z
6fb1df03-0005-4c7b-bdc3-999b6c13ddb7,e7a52869-8de3-4fe0-ab61-5a3b060477c1,2017-05-28T04:54:45.428Z
3ea05628-1933-43c6-8719-ce631140dd29,b2ae52c9-4bc4-4ee2-95e5-3e1be6004192,2017-05-28T04:54:45.428Z
3112efed-5233-49a3-813d-ccd6732423aa,2866757d-f3b1-4a7c-91b2-e3d5c8f7b2bb,2017-05-28T04:54:45.428Z
c38d7079-2b80-4a18-b86e-c397679dd4f5,51aec773-22e4-4c24-88ba-cc405805188b,2017-05-28T04:54:45.428Z
8bce56cd-bae0-4de8-b66c-82f9f48ec2e0,c3329952-2e8f-4778-944c-a11903113669,2017-05-28T04:54:45.428Z
89d2fae8-a577-42c2-b818-4ab90bc36199,cd77c119-9588-4a18-b72c-a042856b2a79,2017-05-28T04:54:45.428Z
1ba33fe5-3c68-4efd-b6df-24348c888ec2,878bcd52-f67a-47c3-862b-12f26695f54b,2017-05-28T04:54:45.428Z
0ddd0850-0e1a-4482-ab12-721fe64fc5ed,5d8fa1c4-a114-4bd0-aabc-0531e2c641f0,2017-05-28T04:54:45.428Z
d4d20ec8-8bae-4a12-9609-e69af60ebc61,fa72d5b0-45c7-4d6a-967e-e58bff4737f8,2017-05-28T04:54:45.428Z
0e12da04-aee6-4b5a-a544-ecc71f490b65,815fc06f-a5f6-4b40-974e-820c492ebe99,2017-05-28T04:54:45.428Z
65e9ac01-3b2e-4af4-9c44-6c727e977a38,ca24dd9c-5601-4408-99e2-dffdae39f5b6,2017-05-28T04:54:45.428Z
ef005606-ca44-47af-959f-dc6467fb55a0,dd754f9f-4495-45c8-bf68-a9fa0c50393c,2017-05-28T04:54:45.428Z
fdd1208f-1252-468e-8589-9688f2bc96df,a01098fe-8b17-4700-9308-9eda91c2aaeb,2017-05-28T04:54:45.428Z
adfe479b-90a7-40d6-8d3a-ace6ab6780d6,e2a38067-9c4c-4bc8-8938-26fb77ad9955,2017-05-28T04:54:45.428Z
8a095db0-3873-4cba-be4d-6c34b98444c7,a9347e58-96e5-4966-bd65-a766ab2bf3fa,2017-05-28T04:54:45.428Z
eafab157-e6c0-4951-8d27-6f43fbf9002a,95d4da9f-bfa0-4b00-965b-5ccc70e0f235,2017-05-28T04:54:45.428Z
cc026496-4bec-4285-b7ca-0ff64b6d5061,a28ecc02-2344-4495-9349-f5d385e138ca,2017-05-28T04:54:45.428Z
1814bb1b-ad6f-4c31-9a94-9ca570a8cbda,2bdfba3a-6b8a-48a8-a186-fbaee42ef5ee,2017-05-28T04:54:45.428Z
36746f94-e079-43d8-b13b-e14e13e78402,47d44de1-343d-4a9f-837e-7fd10e966da4,2017-05-28T04:54:45.428Z
6a7ed52e-8452-41e2-ab00-d84db3d2956a,3f57519c-71de-40cb-9b96-80c8347e46ff,2017-05-28T04:54:45.428Z
21462058-da32-4896-a5b4-321d49d7f998,d6b1ef00-b9b0-4d3f-a1f0-6bbae434beea,2017-05-28T04:54:45.428Z
2cc9c123-66cd-45dc-a6d7-9261e5e0a783,18b6b57f-496e-4066-9643-324c5db7cdf8,2017-05-28T04:54:45.428Z
b62748e6-3b8f-4111-9be6-6a528749317e,21737660-47c8-459f-afdc-4404bb7fe2c6,2017-05-28T04:54:45.428Z
d3b90014-4766-4ade-a129-b68bc4227987,f09c1887-4a81-4ac9-b32b-08004a94803f,2017-05-28T04:54:45.428Z
ecf6a481-2393-422d-b147-fd7ff82e7006,80beda48-721b-4624-8f33-66247af0a35b,2017-05-28T04:54:45.428Z
981f56de-3747-4c54-98c6-0719e4958760,ead81bb3-877b-45d2-8a43-c25902b7aee1,2017-05-28T04:54:45.428Z
54e5c2e6-a859-4b1f-907d-bad59d0fdb7c,76538d7b-90a3-4d8b-a000-9ef68d442a7c,2017-05-28T04:54:45.428Z
